,transcript_id,TSS,gene_name
0,ENST00000381657,1,PLCXD1
1,ENST00000399012,2,PLCXD1
2,ENST00000381663,3,PLCXD1
3,ENST00000620748,1,Metazoa_SRP
4,ENST00000610965,2,Metazoa_SRP
5,ENST00000610676,3,Metazoa_SRP
6,ENST00000625432,4,Metazoa_SRP
7,ENST00000619127,5,Metazoa_SRP
8,ENST00000616060,6,Metazoa_SRP
9,ENST00000612254,7,Metazoa_SRP
10,ENST00000614439,8,Metazoa_SRP
11,ENST00000615501,9,Metazoa_SRP
12,ENST00000611704,10,Metazoa_SRP
13,ENST00000381578,1,SHOX
14,ENST00000334060,1,SHOX
15,ENST00000554971,2,SHOX
16,ENST00000381575,2,SHOX
17,ENST00000381567,1,CRLF2
18,ENST00000381566,2,CRLF2
19,ENST00000400841,3,CRLF2
20,ENST00000381529,1,CSF2RA
21,ENST00000501036,1,CSF2RA
22,ENST00000417535,1,CSF2RA
23,ENST00000432318,1,CSF2RA
24,ENST00000381509,2,CSF2RA
25,ENST00000494969,2,CSF2RA
26,ENST00000381524,3,CSF2RA
27,ENST00000355805,4,CSF2RA
28,ENST00000355432,4,CSF2RA
29,ENST00000381500,5,CSF2RA
30,ENST00000430235,1,LINC00106
31,ENST00000434938,2,LINC00106
32,ENST00000425740,1,ASMTL-AS1
33,ENST00000602357,2,ASMTL-AS1
34,ENST00000381317,1,ASMTL
35,ENST00000534940,2,ASMTL
36,ENST00000381333,3,ASMTL
37,ENST00000381261,1,AKAP17A
38,ENST00000313871,2,AKAP17A
39,ENST00000381241,1,ASMT
40,ENST00000381229,2,ASMT
41,ENST00000381233,3,ASMT
42,ENST00000427886,1,RP13-297E16.4
43,ENST00000432272,2,RP13-297E16.4
44,ENST00000381218,1,ZBED1
45,ENST00000381223,2,ZBED1
46,ENST00000381222,2,ZBED1
47,ENST00000435581,1,CD99P1
48,ENST00000431582,2,CD99P1
49,ENST00000527459,3,CD99P1
50,ENST00000381180,1,CD99
51,ENST00000623253,1,CD99
52,ENST00000381192,2,CD99
53,ENST00000381187,3,CD99
54,ENST00000381184,4,CD99
55,ENST00000624481,5,CD99
56,ENST00000611428,6,CD99
57,ENST00000381174,1,XG
58,ENST00000419513,2,XG
59,ENST00000398806,1,GYG2
60,ENST00000353656,2,GYG2
61,ENST00000381163,3,GYG2
62,ENST00000381134,1,ARSE
63,ENST00000545496,2,ARSE
64,ENST00000540563,3,ARSE
65,ENST00000359361,1,ARSF
66,ENST00000381127,2,ARSF
67,ENST00000363702,1,Y_RNA
68,ENST00000384068,2,Y_RNA
69,ENST00000365274,3,Y_RNA
70,ENST00000383936,4,Y_RNA
71,ENST00000459189,5,Y_RNA
72,ENST00000516677,6,Y_RNA
73,ENST00000362835,7,Y_RNA
74,ENST00000384117,8,Y_RNA
75,ENST00000384065,9,Y_RNA
76,ENST00000363765,10,Y_RNA
77,ENST00000362962,11,Y_RNA
78,ENST00000384677,12,Y_RNA
79,ENST00000362697,13,Y_RNA
80,ENST00000363566,14,Y_RNA
81,ENST00000384422,15,Y_RNA
82,ENST00000365625,16,Y_RNA
83,ENST00000365599,17,Y_RNA
84,ENST00000362554,18,Y_RNA
85,ENST00000384135,19,Y_RNA
86,ENST00000383950,20,Y_RNA
87,ENST00000384695,21,Y_RNA
88,ENST00000390939,22,Y_RNA
89,ENST00000362540,23,Y_RNA
90,ENST00000384633,24,Y_RNA
91,ENST00000384298,25,Y_RNA
92,ENST00000365409,26,Y_RNA
93,ENST00000384417,27,Y_RNA
94,ENST00000365402,28,Y_RNA
95,ENST00000383912,29,Y_RNA
96,ENST00000363832,30,Y_RNA
97,ENST00000365537,31,Y_RNA
98,ENST00000384590,32,Y_RNA
99,ENST00000365540,33,Y_RNA
100,ENST00000362881,34,Y_RNA
101,ENST00000363421,35,Y_RNA
102,ENST00000516260,36,Y_RNA
103,ENST00000383919,37,Y_RNA
104,ENST00000410980,38,Y_RNA
105,ENST00000490920,1,RP11-706O15.1
106,ENST00000425492,2,RP11-706O15.1
107,ENST00000486571,3,RP11-706O15.1
108,ENST00000471090,4,RP11-706O15.1
109,ENST00000438107,1,RP11-706O15.3
110,ENST00000381108,2,RP11-706O15.3
111,ENST00000424415,1,RP11-706O15.5
112,ENST00000381106,2,RP11-706O15.5
113,ENST00000422914,1,RP11-733O18.1
114,ENST00000444185,2,RP11-733O18.1
115,ENST00000538097,1,NLGN4X
116,ENST00000381093,2,NLGN4X
117,ENST00000275857,3,NLGN4X
118,ENST00000381092,4,NLGN4X
119,ENST00000381095,5,NLGN4X
120,ENST00000516241,1,SNORA31
121,ENST00000516482,2,SNORA31
122,ENST00000412827,1,PUDP
123,ENST00000424830,2,PUDP
124,ENST00000381077,3,PUDP
125,ENST00000540122,3,PUDP
126,ENST00000341408,1,VCX
127,ENST00000381059,2,VCX
128,ENST00000620630,2,VCX
129,ENST00000381042,1,PNPLA4
130,ENST00000537427,2,PNPLA4
131,ENST00000444736,2,PNPLA4
132,ENST00000381029,1,VCX3B
133,ENST00000453306,2,VCX3B
134,ENST00000381032,2,VCX3B
135,ENST00000444481,2,VCX3B
136,ENST00000262648,1,ANOS1
137,ENST00000619786,2,ANOS1
138,ENST00000543214,1,FAM9A
139,ENST00000381003,2,FAM9A
140,ENST00000428477,1,FAM9B
141,ENST00000362066,2,FAM9B
142,ENST00000327220,3,FAM9B
143,ENST00000217964,1,TBL1X
144,ENST00000380961,2,TBL1X
145,ENST00000424279,3,TBL1X
146,ENST00000407597,3,TBL1X
147,ENST00000380913,1,SHROOM2
148,ENST00000418909,2,SHROOM2
149,ENST00000380861,1,WWC3
150,ENST00000454666,2,WWC3
151,ENST00000380833,1,CLCN4
152,ENST00000421085,2,CLCN4
153,ENST00000380829,3,CLCN4
154,ENST00000380782,1,MID1
155,ENST00000453318,2,MID1
156,ENST00000380785,3,MID1
157,ENST00000616003,4,MID1
158,ENST00000610939,4,MID1
159,ENST00000380780,5,MID1
160,ENST00000380787,6,MID1
161,ENST00000317552,7,MID1
162,ENST00000380779,8,MID1
163,ENST00000608576,1,RP11-120D5.1
164,ENST00000608176,2,RP11-120D5.1
165,ENST00000380762,1,HCCS
166,ENST00000321143,2,HCCS
167,ENST00000380763,3,HCCS
168,ENST00000337414,1,ARHGAP6
169,ENST00000380718,1,ARHGAP6
170,ENST00000380736,2,ARHGAP6
171,ENST00000303025,3,ARHGAP6
172,ENST00000380693,1,MSL3
173,ENST00000337339,2,MSL3
174,ENST00000398527,3,MSL3
175,ENST00000361672,4,MSL3
176,ENST00000312196,4,MSL3
177,ENST00000616992,1,FRMPD4
178,ENST00000380682,2,FRMPD4
179,ENST00000489404,1,PRPS2
180,ENST00000380668,2,PRPS2
181,ENST00000398491,3,PRPS2
182,ENST00000218032,1,TLR8
183,ENST00000311912,2,TLR8
184,ENST00000380635,1,TMSB4X
185,ENST00000380633,2,TMSB4X
186,ENST00000451311,3,TMSB4X
187,ENST00000380636,4,TMSB4X
188,ENST00000380625,1,FAM9C
189,ENST00000542843,2,FAM9C
190,ENST00000333995,3,FAM9C
191,ENST00000419566,1,LINC01203
192,ENST00000456091,2,LINC01203
193,ENST00000361306,1,EGFL6
194,ENST00000380602,2,EGFL6
195,ENST00000544987,1,TCEANC
196,ENST00000380600,2,TCEANC
197,ENST00000618931,1,RAB9A
198,ENST00000464506,2,RAB9A
199,ENST00000359680,1,TRAPPC2
200,ENST00000380579,2,TRAPPC2
201,ENST00000458511,3,TRAPPC2
202,ENST00000519885,3,TRAPPC2
203,ENST00000340096,1,OFD1
204,ENST00000380567,1,OFD1
205,ENST00000380550,2,OFD1
206,ENST00000398395,2,OFD1
207,ENST00000356942,1,GPM6B
208,ENST00000493677,2,GPM6B
209,ENST00000355135,2,GPM6B
210,ENST00000454189,3,GPM6B
211,ENST00000398361,4,GPM6B
212,ENST00000316715,5,GPM6B
213,ENST00000380523,1,GEMIN8
214,ENST00000398355,2,GEMIN8
215,ENST00000218075,1,GLRA2
216,ENST00000443437,2,GLRA2
217,ENST00000355020,3,GLRA2
218,ENST00000324138,1,FANCB
219,ENST00000398334,2,FANCB
220,ENST00000380492,1,MOSPD2
221,ENST00000497603,2,MOSPD2
222,ENST00000482354,3,MOSPD2
223,ENST00000546332,1,ASB9
224,ENST00000380483,2,ASB9
225,ENST00000380488,3,ASB9
226,ENST00000380485,4,ASB9
227,ENST00000380470,1,ASB11
228,ENST00000480796,2,ASB11
229,ENST00000344384,3,ASB11
230,ENST00000634582,1,PIGA
231,ENST00000333590,2,PIGA
232,ENST00000542278,3,PIGA
233,ENST00000482148,4,PIGA
234,ENST00000380421,1,PIR
235,ENST00000380420,2,PIR
236,ENST00000342014,1,BMX
237,ENST00000348343,2,BMX
238,ENST00000357607,3,BMX
239,ENST00000427411,1,ACE2
240,ENST00000252519,2,ACE2
241,ENST00000380334,1,CA5BP1
242,ENST00000380336,2,CA5BP1
243,ENST00000435806,3,CA5BP1
244,ENST00000454127,1,CA5B
245,ENST00000318636,2,CA5B
246,ENST00000329235,1,AP1S2
247,ENST00000380291,2,AP1S2
248,ENST00000545766,3,AP1S2
249,ENST00000400004,1,MAGEB17
250,ENST00000400003,2,MAGEB17
251,ENST00000380241,1,CTPS2
252,ENST00000443824,2,CTPS2
253,ENST00000359276,3,CTPS2
254,ENST00000398155,1,TXLNG
255,ENST00000380122,2,TXLNG
256,ENST00000380084,1,RBBP7
257,ENST00000404022,2,RBBP7
258,ENST00000380087,3,RBBP7
259,ENST00000357277,1,REPS2
260,ENST00000303843,2,REPS2
261,ENST00000458802,1,snoU13
262,ENST00000458945,2,snoU13
263,ENST00000458890,3,snoU13
264,ENST00000380060,1,NHS
265,ENST00000398097,2,NHS
266,ENST00000617601,2,NHS
267,ENST00000615422,3,NHS
268,ENST00000398080,1,SCML1
269,ENST00000380045,2,SCML1
270,ENST00000380041,3,SCML1
271,ENST00000380043,3,SCML1
272,ENST00000451717,1,RAI2
273,ENST00000545871,1,RAI2
274,ENST00000415486,2,RAI2
275,ENST00000360011,3,RAI2
276,ENST00000331511,4,RAI2
277,ENST00000380033,1,BEND2
278,ENST00000380030,2,BEND2
279,ENST00000398048,1,SCML2
280,ENST00000251900,2,SCML2
281,ENST00000623535,1,CDKL5
282,ENST00000379989,2,CDKL5
283,ENST00000379996,3,CDKL5
284,ENST00000361511,1,PPEF1
285,ENST00000349874,2,PPEF1
286,ENST00000452900,1,PHKA2-AS1
287,ENST00000439295,2,PHKA2-AS1
288,ENST00000356606,1,ADGRG2
289,ENST00000379873,2,ADGRG2
290,ENST00000379876,2,ADGRG2
291,ENST00000379878,2,ADGRG2
292,ENST00000354791,2,ADGRG2
293,ENST00000340581,3,ADGRG2
294,ENST00000357991,4,ADGRG2
295,ENST00000357544,5,ADGRG2
296,ENST00000379869,5,ADGRG2
297,ENST00000360279,5,ADGRG2
298,ENST00000379805,1,PDHA1
299,ENST00000422285,2,PDHA1
300,ENST00000540249,3,PDHA1
301,ENST00000545074,3,PDHA1
302,ENST00000379806,3,PDHA1
303,ENST00000379804,4,PDHA1
304,ENST00000397821,1,SH3KBP1
305,ENST00000379697,2,SH3KBP1
306,ENST00000379716,3,SH3KBP1
307,ENST00000379698,4,SH3KBP1
308,ENST00000443379,1,MAP7D2
309,ENST00000379651,2,MAP7D2
310,ENST00000379643,3,MAP7D2
311,ENST00000452324,4,MAP7D2
312,ENST00000379593,1,EIF1AX
313,ENST00000379607,2,EIF1AX
314,ENST00000543067,1,CNKSR2
315,ENST00000425654,1,CNKSR2
316,ENST00000279451,2,CNKSR2
317,ENST00000379510,3,CNKSR2
318,ENST00000379484,1,MBTPS2
319,ENST00000365779,2,MBTPS2
320,ENST00000379404,1,SMS
321,ENST00000404933,2,SMS
322,ENST00000608254,1,PTCHD1-AS
323,ENST00000455399,2,PTCHD1-AS
324,ENST00000379361,1,PTCHD1
325,ENST00000616022,2,PTCHD1
326,ENST00000379341,1,PRDX4
327,ENST00000379331,2,PRDX4
328,ENST00000379303,1,ACOT9
329,ENST00000492081,2,ACOT9
330,ENST00000379295,3,ACOT9
331,ENST00000336430,4,ACOT9
332,ENST00000338565,1,ZFX
333,ENST00000539115,2,ZFX
334,ENST00000379177,3,ZFX
335,ENST00000379188,4,ZFX
336,ENST00000304543,5,ZFX
337,ENST00000441463,1,PDK3
338,ENST00000379162,2,PDK3
339,ENST00000379144,1,PCYT1B
340,ENST00000379145,2,PCYT1B
341,ENST00000356768,3,PCYT1B
342,ENST00000611764,1,POLA1
343,ENST00000379059,1,POLA1
344,ENST00000379068,2,POLA1
345,ENST00000609836,1,RP11-268G12.3
346,ENST00000436019,2,RP11-268G12.3
347,ENST00000608735,1,RP11-268G12.1
348,ENST00000422048,2,RP11-268G12.1
349,ENST00000545306,1,DCAF8L2
350,ENST00000451261,2,DCAF8L2
351,ENST00000614159,1,MAGEB10
352,ENST00000356790,2,MAGEB10
353,ENST00000302196,1,IL1RAPL1
354,ENST00000378993,2,IL1RAPL1
355,ENST00000361644,1,MAGEB3
356,ENST00000620842,2,MAGEB3
357,ENST00000378981,1,MAGEB1
358,ENST00000397550,2,MAGEB1
359,ENST00000397548,3,MAGEB1
360,ENST00000378963,1,NR0B1
361,ENST00000378970,2,NR0B1
362,ENST00000378941,1,GK
363,ENST00000378945,2,GK
364,ENST00000378946,3,GK
365,ENST00000378943,3,GK
366,ENST00000427190,3,GK
367,ENST00000378930,1,TAB3
368,ENST00000378933,2,TAB3
369,ENST00000378932,2,TAB3
370,ENST00000619831,1,DMD
371,ENST00000378680,2,DMD
372,ENST00000378723,3,DMD
373,ENST00000378677,4,DMD
374,ENST00000343523,5,DMD
375,ENST00000378702,6,DMD
376,ENST00000378707,7,DMD
377,ENST00000541735,7,DMD
378,ENST00000359836,7,DMD
379,ENST00000474231,7,DMD
380,ENST00000620040,8,DMD
381,ENST00000288447,9,DMD
382,ENST00000361471,10,DMD
383,ENST00000357033,11,DMD
384,ENST00000613251,1,FAM47A
385,ENST00000346193,2,FAM47A
386,ENST00000399988,1,MAGEB16
387,ENST00000399992,1,MAGEB16
388,ENST00000399987,1,MAGEB16
389,ENST00000399989,1,MAGEB16
390,ENST00000399985,2,MAGEB16
391,ENST00000378657,1,CFAP47
392,ENST00000313548,2,CFAP47
393,ENST00000297866,3,CFAP47
394,ENST00000378653,3,CFAP47
395,ENST00000463135,1,PRRG1
396,ENST00000542554,2,PRRG1
397,ENST00000543642,2,PRRG1
398,ENST00000378628,3,PRRG1
399,ENST00000449135,4,PRRG1
400,ENST00000614025,1,LANCL3
401,ENST00000378621,1,LANCL3
402,ENST00000378619,2,LANCL3
403,ENST00000432389,1,DYNLT3
404,ENST00000378581,2,DYNLT3
405,ENST00000378578,3,DYNLT3
406,ENST00000456733,1,SYTL5
407,ENST00000297875,2,SYTL5
408,ENST00000378533,1,SRPX
409,ENST00000432886,2,SRPX
410,ENST00000544439,2,SRPX
411,ENST00000538295,2,SRPX
412,ENST00000378505,1,RPGR
413,ENST00000318842,2,RPGR
414,ENST00000339363,3,RPGR
415,ENST00000286824,1,TSPAN7
416,ENST00000378482,2,TSPAN7
417,ENST00000457894,1,MID1IP1
418,ENST00000614558,1,MID1IP1
419,ENST00000336949,2,MID1IP1
420,ENST00000378474,3,MID1IP1
421,ENST00000378463,1,BCOR
422,ENST00000378455,2,BCOR
423,ENST00000342274,2,BCOR
424,ENST00000397354,3,BCOR
425,ENST00000378444,3,BCOR
426,ENST00000615339,4,BCOR
427,ENST00000378421,1,CXorf38
428,ENST00000378426,2,CXorf38
429,ENST00000327877,3,CXorf38
430,ENST00000441189,1,DDX3X
431,ENST00000629496,2,DDX3X
432,ENST00000629785,2,DDX3X
433,ENST00000630255,2,DDX3X
434,ENST00000625837,2,DDX3X
435,ENST00000626301,2,DDX3X
436,ENST00000457138,3,DDX3X
437,ENST00000399959,3,DDX3X
438,ENST00000478993,3,DDX3X
439,ENST00000342595,1,NYX
440,ENST00000378220,2,NYX
441,ENST00000421587,1,CASK
442,ENST00000378166,2,CASK
443,ENST00000378163,3,CASK
444,ENST00000378154,3,CASK
445,ENST00000378158,4,CASK
446,ENST00000442742,5,CASK
447,ENST00000620846,1,GPR34
448,ENST00000378142,2,GPR34
449,ENST00000378138,3,GPR34
450,ENST00000440002,1,RP1-154K9.2
451,ENST00000411879,2,RP1-154K9.2
452,ENST00000338702,1,MAOA
453,ENST00000542639,2,MAOA
454,ENST00000621147,1,KDM6A
455,ENST00000543216,2,KDM6A
456,ENST00000382899,2,KDM6A
457,ENST00000611820,2,KDM6A
458,ENST00000536777,2,KDM6A
459,ENST00000377967,3,KDM6A
460,ENST00000450246,1,RP11-342D14.1
461,ENST00000438181,2,RP11-342D14.1
462,ENST00000609127,1,LINC01204
463,ENST00000435394,2,LINC01204
464,ENST00000422047,3,LINC01204
465,ENST00000602461,1,MIR222HG
466,ENST00000602507,2,MIR222HG
467,ENST00000478600,1,KRBOX4
468,ENST00000344302,2,KRBOX4
469,ENST00000487081,3,KRBOX4
470,ENST00000298190,4,KRBOX4
471,ENST00000377919,5,KRBOX4
472,ENST00000523374,1,ZNF674
473,ENST00000414387,2,ZNF674
474,ENST00000421685,1,ZNF674-AS1
475,ENST00000609887,2,ZNF674-AS1
476,ENST00000616978,1,SLC9A7
477,ENST00000328306,2,SLC9A7
478,ENST00000614628,1,JADE3
479,ENST00000611250,2,JADE3
480,ENST00000457380,1,RGN
481,ENST00000397180,1,RGN
482,ENST00000352078,2,RGN
483,ENST00000336169,3,RGN
484,ENST00000377811,1,NDUFB11
485,ENST00000276062,2,NDUFB11
486,ENST00000329236,1,RBM10
487,ENST00000377604,2,RBM10
488,ENST00000628161,3,RBM10
489,ENST00000345781,3,RBM10
490,ENST00000335972,1,UBA1
491,ENST00000377351,2,UBA1
492,ENST00000377269,3,UBA1
493,ENST00000357227,1,CDK16
494,ENST00000518022,2,CDK16
495,ENST00000276052,3,CDK16
496,ENST00000457458,4,CDK16
497,ENST00000622098,5,CDK16
498,ENST00000377107,1,USP11
499,ENST00000218348,2,USP11
500,ENST00000313116,1,ZNF41
501,ENST00000377065,2,ZNF41
502,ENST00000290277,1,ARAF
503,ENST00000377045,2,ARAF
504,ENST00000377039,3,ARAF
505,ENST00000456754,1,TIMP1
506,ENST00000218388,2,TIMP1
507,ENST00000377017,3,TIMP1
508,ENST00000247153,1,CFP
509,ENST00000396992,2,CFP
510,ENST00000377005,2,CFP
511,ENST00000247161,1,ELK1
512,ENST00000376983,2,ELK1
513,ENST00000343894,2,ELK1
514,ENST00000333119,1,UXT
515,ENST00000335890,2,UXT
516,ENST00000591832,1,UXT-AS1
517,ENST00000590504,2,UXT-AS1
518,ENST00000589302,1,CXXC1P1
519,ENST00000489409,2,CXXC1P1
520,ENST00000483225,3,CXXC1P1
521,ENST00000334937,1,ZNF81
522,ENST00000376954,2,ZNF81
523,ENST00000338637,2,ZNF81
524,ENST00000396965,1,ZNF182
525,ENST00000376943,2,ZNF182
526,ENST00000305127,3,ZNF182
527,ENST00000442455,1,ZNF630
528,ENST00000276054,1,ZNF630
529,ENST00000409324,2,ZNF630
530,ENST00000616492,3,ZNF630
531,ENST00000304355,1,SPACA5
532,ENST00000376940,2,SPACA5
533,ENST00000412590,1,SSX6
534,ENST00000509958,2,SSX6
535,ENST00000376932,3,SSX6
536,ENST00000613884,1,SSX5
537,ENST00000311798,2,SSX5
538,ENST00000347757,2,SSX5
539,ENST00000376923,3,SSX5
540,ENST00000608568,1,SSX9
541,ENST00000376909,2,SSX9
542,ENST00000612497,1,SSX3
543,ENST00000298396,2,SSX3
544,ENST00000376893,3,SSX3
545,ENST00000620320,1,SSX4
546,ENST00000595689,2,SSX4
547,ENST00000595235,1,SSX4B
548,ENST00000619890,2,SSX4B
549,ENST00000620913,1,SLC38A5
550,ENST00000595796,2,SLC38A5
551,ENST00000619100,3,SLC38A5
552,ENST00000622196,3,SLC38A5
553,ENST00000019019,1,FTSJ1
554,ENST00000348411,1,FTSJ1
555,ENST00000396894,2,FTSJ1
556,ENST00000359882,1,PORCN
557,ENST00000355961,2,PORCN
558,ENST00000361988,3,PORCN
559,ENST00000326194,4,PORCN
560,ENST00000367574,5,PORCN
561,ENST00000537758,5,PORCN
562,ENST00000355092,6,PORCN
563,ENST00000376755,1,RBM3
564,ENST00000354480,2,RBM3
565,ENST00000376759,3,RBM3
566,ENST00000218056,1,WDR13
567,ENST00000376729,2,WDR13
568,ENST00000337852,1,SUV39H1
569,ENST00000376687,2,SUV39H1
570,ENST00000376670,1,GATA1
571,ENST00000376665,2,GATA1
572,ENST00000376619,1,HDAC6
573,ENST00000334136,2,HDAC6
574,ENST00000465150,1,TIMM17B
575,ENST00000495490,2,TIMM17B
576,ENST00000376582,3,TIMM17B
577,ENST00000396779,3,TIMM17B
578,ENST00000447146,1,PQBP1
579,ENST00000218224,2,PQBP1
580,ENST00000396763,3,PQBP1
581,ENST00000247140,4,PQBP1
582,ENST00000376566,5,PQBP1
583,ENST00000376563,5,PQBP1
584,ENST00000635285,1,SLC35A2
585,ENST00000247138,2,SLC35A2
586,ENST00000445167,3,SLC35A2
587,ENST00000634461,3,SLC35A2
588,ENST00000376521,4,SLC35A2
589,ENST00000376515,4,SLC35A2
590,ENST00000376512,5,SLC35A2
591,ENST00000376529,6,SLC35A2
592,ENST00000635589,6,SLC35A2
593,ENST00000616181,6,SLC35A2
594,ENST00000452555,6,SLC35A2
595,ENST00000634665,6,SLC35A2
596,ENST00000635015,6,SLC35A2
597,ENST00000376488,1,OTUD5
598,ENST00000428668,2,OTUD5
599,ENST00000610466,3,OTUD5
600,ENST00000396743,4,OTUD5
601,ENST00000156084,4,OTUD5
602,ENST00000218176,1,KCND1
603,ENST00000376477,2,KCND1
604,ENST00000376423,1,GRIPAP1
605,ENST00000622599,2,GRIPAP1
606,ENST00000593475,3,GRIPAP1
607,ENST00000597275,1,CCDC120
608,ENST00000536628,2,CCDC120
609,ENST00000606812,3,CCDC120
610,ENST00000496529,4,CCDC120
611,ENST00000603986,5,CCDC120
612,ENST00000376386,1,PRAF2
613,ENST00000553851,2,PRAF2
614,ENST00000473974,1,WDR45
615,ENST00000356463,2,WDR45
616,ENST00000485908,3,WDR45
617,ENST00000634838,4,WDR45
618,ENST00000634944,5,WDR45
619,ENST00000376372,6,WDR45
620,ENST00000376358,7,WDR45
621,ENST00000634559,8,WDR45
622,ENST00000376368,9,WDR45
623,ENST00000322995,10,WDR45
624,ENST00000635003,11,WDR45
625,ENST00000396681,12,WDR45
626,ENST00000616266,1,MAGIX
627,ENST00000595224,2,MAGIX
628,ENST00000614074,3,MAGIX
629,ENST00000615626,4,MAGIX
630,ENST00000615915,5,MAGIX
631,ENST00000599218,1,PRICKLE3
632,ENST00000453382,2,PRICKLE3
633,ENST00000263233,1,SYP
634,ENST00000479808,2,SYP
635,ENST00000323022,1,CACNA1F
636,ENST00000376265,1,CACNA1F
637,ENST00000376251,2,CACNA1F
638,ENST00000376197,1,FOXP3
639,ENST00000557224,2,FOXP3
640,ENST00000376207,3,FOXP3
641,ENST00000376199,3,FOXP3
642,ENST00000455775,3,FOXP3
643,ENST00000518685,4,FOXP3
644,ENST00000376188,1,PPP1R3F
645,ENST00000495799,2,PPP1R3F
646,ENST00000466508,3,PPP1R3F
647,ENST00000055335,4,PPP1R3F
648,ENST00000610680,1,GAGE1
649,ENST00000381700,2,GAGE1
650,ENST00000619375,3,GAGE1
651,ENST00000376141,1,PAGE4
652,ENST00000218068,2,PAGE4
653,ENST00000376091,1,CLCN5
654,ENST00000482218,2,CLCN5
655,ENST00000376088,3,CLCN5
656,ENST00000376108,4,CLCN5
657,ENST00000307367,5,CLCN5
658,ENST00000376064,1,AKAP4
659,ENST00000358526,2,AKAP4
660,ENST00000276014,1,CCNB3
661,ENST00000348603,1,CCNB3
662,ENST00000376038,2,CCNB3
663,ENST00000376042,3,CCNB3
664,ENST00000460112,1,SHROOM4
665,ENST00000376020,2,SHROOM4
666,ENST00000289292,3,SHROOM4
667,ENST00000356450,1,NUDT10
668,ENST00000376006,2,NUDT10
669,ENST00000455931,1,RP11-348F1.2
670,ENST00000418775,2,RP11-348F1.2
671,ENST00000375695,1,MAGED1
672,ENST00000326587,2,MAGED1
673,ENST00000375722,3,MAGED1
674,ENST00000375772,4,MAGED1
675,ENST00000624269,1,RP11-33H15.1
676,ENST00000624629,2,RP11-33H15.1
677,ENST00000335504,1,MAGED4B
678,ENST00000360134,2,MAGED4B
679,ENST00000485287,3,MAGED4B
680,ENST00000497164,4,MAGED4B
681,ENST00000375626,1,MAGED4
682,ENST00000599522,2,MAGED4
683,ENST00000375600,1,XAGE1A
684,ENST00000375602,2,XAGE1A
685,ENST00000375613,1,XAGE1B
686,ENST00000518075,2,XAGE1B
687,ENST00000375616,3,XAGE1B
688,ENST00000336777,1,SSX2
689,ENST00000337502,2,SSX2
690,ENST00000610779,3,SSX2
691,ENST00000596480,1,SSX2B
692,ENST00000616191,2,SSX2B
693,ENST00000612490,3,SSX2B
694,ENST00000351072,1,XAGE5
695,ENST00000375501,2,XAGE5
696,ENST00000346279,1,XAGE3
697,ENST00000375491,2,XAGE3
698,ENST00000593751,1,FAM156B
699,ENST00000616419,2,FAM156B
700,ENST00000416841,3,FAM156B
701,ENST00000509613,4,FAM156B
702,ENST00000617970,1,FAM156A
703,ENST00000611661,2,FAM156A
704,ENST00000596733,3,FAM156A
705,ENST00000623782,4,FAM156A
706,ENST00000615092,4,FAM156A
707,ENST00000612915,4,FAM156A
708,ENST00000622447,5,FAM156A
709,ENST00000613284,6,FAM156A
710,ENST00000604849,1,KANTR
711,ENST00000604369,2,KANTR
712,ENST00000366185,3,KANTR
713,ENST00000404049,1,KDM5C
714,ENST00000452825,2,KDM5C
715,ENST00000375401,2,KDM5C
716,ENST00000375379,2,KDM5C
717,ENST00000375383,2,KDM5C
718,ENST00000396435,1,IQSEC2
719,ENST00000375365,2,IQSEC2
720,ENST00000414955,1,RIBC1
721,ENST00000457095,2,RIBC1
722,ENST00000375327,3,RIBC1
723,ENST00000375304,1,HSD17B10
724,ENST00000168216,2,HSD17B10
725,ENST00000375298,3,HSD17B10
726,ENST00000342160,1,HUWE1
727,ENST00000612484,2,HUWE1
728,ENST00000262854,3,HUWE1
729,ENST00000357988,1,PHF8
730,ENST00000322659,2,PHF8
731,ENST00000615775,3,PHF8
732,ENST00000338154,4,PHF8
733,ENST00000338946,4,PHF8
734,ENST00000477084,1,FAM120C
735,ENST00000375180,2,FAM120C
736,ENST00000328235,2,FAM120C
737,ENST00000375159,1,WNK3
738,ENST00000620763,1,WNK3
739,ENST00000375169,2,WNK3
740,ENST00000354646,2,WNK3
741,ENST00000360845,1,GNL3L
742,ENST00000336470,2,GNL3L
743,ENST00000347546,1,MAGED2
744,ENST00000396224,2,MAGED2
745,ENST00000375053,3,MAGED2
746,ENST00000627068,3,MAGED2
747,ENST00000375068,3,MAGED2
748,ENST00000218439,4,MAGED2
749,ENST00000375058,5,MAGED2
750,ENST00000375060,5,MAGED2
751,ENST00000408823,1,SNORA11
752,ENST00000408789,2,SNORA11
753,ENST00000622017,1,TRO
754,ENST00000375022,1,TRO
755,ENST00000399736,1,TRO
756,ENST00000173898,2,TRO
757,ENST00000319167,2,TRO
758,ENST00000420798,3,TRO
759,ENST00000375041,4,TRO
760,ENST00000614686,1,PFKFB1
761,ENST00000375006,2,PFKFB1
762,ENST00000374992,2,PFKFB1
763,ENST00000545676,3,PFKFB1
764,ENST00000330807,1,ALAS2
765,ENST00000396198,2,ALAS2
766,ENST00000335854,2,ALAS2
767,ENST00000374971,1,PAGE2B
768,ENST00000374974,2,PAGE2B
769,ENST00000374968,1,PAGE2
770,ENST00000374965,2,PAGE2
771,ENST00000358460,1,FAM104B
772,ENST00000332132,2,FAM104B
773,ENST00000425133,2,FAM104B
774,ENST00000489298,3,FAM104B
775,ENST00000472571,4,FAM104B
776,ENST00000477847,5,FAM104B
777,ENST00000289619,1,PAGE5
778,ENST00000374952,2,PAGE5
779,ENST00000374955,3,PAGE5
780,ENST00000519203,1,PAGE3
781,ENST00000374951,2,PAGE3
782,ENST00000440645,1,RP11-382F24.1
783,ENST00000514681,2,RP11-382F24.1
784,ENST00000374941,1,RRAGB
785,ENST00000262850,2,RRAGB
786,ENST00000635281,1,KLF8
787,ENST00000374928,2,KLF8
788,ENST00000468660,3,KLF8
789,ENST00000423617,1,LINC01420
790,ENST00000374922,2,LINC01420
791,ENST00000374912,1,SPIN2B
792,ENST00000333933,2,SPIN2B
793,ENST00000374910,3,SPIN2B
794,ENST00000275988,4,SPIN2B
795,ENST00000374906,1,SPIN2A
796,ENST00000614076,2,SPIN2A
797,ENST00000374908,3,SPIN2A
798,ENST00000609401,1,LINC01278
799,ENST00000610088,2,LINC01278
800,ENST00000609143,3,LINC01278
801,ENST00000433061,3,LINC01278
802,ENST00000610234,4,LINC01278
803,ENST00000608788,5,LINC01278
804,ENST00000374884,1,SPIN4
805,ENST00000335144,2,SPIN4
806,ENST00000624210,1,ARHGEF9
807,ENST00000253401,2,ARHGEF9
808,ENST00000374878,3,ARHGEF9
809,ENST00000624843,4,ARHGEF9
810,ENST00000374870,5,ARHGEF9
811,ENST00000437457,6,ARHGEF9
812,ENST00000623517,7,ARHGEF9
813,ENST00000374872,8,ARHGEF9
814,ENST00000337990,1,ZC4H2
815,ENST00000374839,2,ZC4H2
816,ENST00000447788,3,ZC4H2
817,ENST00000374807,1,LAS1L
818,ENST00000374811,2,LAS1L
819,ENST00000374804,2,LAS1L
820,ENST00000374737,1,VSIG4
821,ENST00000412866,2,VSIG4
822,ENST00000455586,3,VSIG4
823,ENST00000441993,1,HEPH
824,ENST00000336279,2,HEPH
825,ENST00000419594,3,HEPH
826,ENST00000343002,4,HEPH
827,ENST00000519389,5,HEPH
828,ENST00000374719,1,EDA2R
829,ENST00000451436,2,EDA2R
830,ENST00000253392,3,EDA2R
831,ENST00000396050,4,EDA2R
832,ENST00000612452,1,AR
833,ENST00000396044,1,AR
834,ENST00000396043,2,AR
835,ENST00000504326,3,AR
836,ENST00000612010,3,AR
837,ENST00000613054,3,AR
838,ENST00000374690,4,AR
839,ENST00000462683,1,YIPF6
840,ENST00000374622,2,YIPF6
841,ENST00000374599,1,STARD8
842,ENST00000374597,2,STARD8
843,ENST00000252336,3,STARD8
844,ENST00000374583,1,PJA1
845,ENST00000374571,2,PJA1
846,ENST00000361478,3,PJA1
847,ENST00000374584,4,PJA1
848,ENST00000616899,1,EDA
849,ENST00000338901,2,EDA
850,ENST00000525810,2,EDA
851,ENST00000527388,2,EDA
852,ENST00000374553,2,EDA
853,ENST00000374552,2,EDA
854,ENST00000524573,3,EDA
855,ENST00000365612,1,U3
856,ENST00000391019,2,U3
857,ENST00000364804,3,U3
858,ENST00000627253,4,U3
859,ENST00000391132,5,U3
860,ENST00000342206,1,IGBP1
861,ENST00000356413,2,IGBP1
862,ENST00000307959,1,ARR3
863,ENST00000374495,2,ARR3
864,ENST00000620997,3,ARR3
865,ENST00000374454,1,PDZD11
866,ENST00000239666,2,PDZD11
867,ENST00000374382,1,GDPD2
868,ENST00000453994,2,GDPD2
869,ENST00000538649,2,GDPD2
870,ENST00000536730,2,GDPD2
871,ENST00000374355,1,DLG3
872,ENST00000374360,2,DLG3
873,ENST00000542398,3,DLG3
874,ENST00000194900,4,DLG3
875,ENST00000344304,1,TEX11
876,ENST00000374333,2,TEX11
877,ENST00000374320,3,TEX11
878,ENST00000395889,4,TEX11
879,ENST00000374299,1,SLC7A3
880,ENST00000298085,2,SLC7A3
881,ENST00000622259,1,SNX12
882,ENST00000622277,2,SNX12
883,ENST00000276105,3,SNX12
884,ENST00000374274,4,SNX12
885,ENST00000341558,1,FOXO4
886,ENST00000374259,2,FOXO4
887,ENST00000456850,1,IL2RG
888,ENST00000374202,2,IL2RG
889,ENST00000374188,2,IL2RG
890,ENST00000374080,1,MED12
891,ENST00000333646,2,MED12
892,ENST00000374102,3,MED12
893,ENST00000374051,1,NLGN3
894,ENST00000612180,2,NLGN3
895,ENST00000358741,3,NLGN3
896,ENST00000536169,4,NLGN3
897,ENST00000374029,1,GJB1
898,ENST00000374022,2,GJB1
899,ENST00000361726,3,GJB1
900,ENST00000373998,1,ZMYM3
901,ENST00000373978,2,ZMYM3
902,ENST00000373981,3,ZMYM3
903,ENST00000373984,4,ZMYM3
904,ENST00000373988,5,ZMYM3
905,ENST00000314425,6,ZMYM3
906,ENST00000373982,6,ZMYM3
907,ENST00000535149,1,NONO
908,ENST00000373841,2,NONO
909,ENST00000373856,3,NONO
910,ENST00000276079,4,NONO
911,ENST00000538820,1,ITGB1BP2
912,ENST00000373829,2,ITGB1BP2
913,ENST00000373790,1,TAF1
914,ENST00000276072,2,TAF1
915,ENST00000423759,3,TAF1
916,ENST00000359239,1,INGX
917,ENST00000489074,2,INGX
918,ENST00000373701,1,OGT
919,ENST00000373719,2,OGT
920,ENST00000373696,1,ACRC
921,ENST00000373695,2,ACRC
922,ENST00000373693,1,CXCR3
923,ENST00000373691,2,CXCR3
924,ENST00000633930,1,NHSL2
925,ENST00000631375,2,NHSL2
926,ENST00000510661,3,NHSL2
927,ENST00000609883,1,RGAG4
928,ENST00000479991,2,RGAG4
929,ENST00000218432,1,PIN4
930,ENST00000423432,1,PIN4
931,ENST00000373669,2,PIN4
932,ENST00000373657,1,ERCC6L
933,ENST00000334463,2,ERCC6L
934,ENST00000246139,1,CITED1
935,ENST00000431381,2,CITED1
936,ENST00000445983,2,CITED1
937,ENST00000373619,3,CITED1
938,ENST00000453707,4,CITED1
939,ENST00000373583,1,HDAC8
940,ENST00000373571,2,HDAC8
941,ENST00000373559,3,HDAC8
942,ENST00000373556,4,HDAC8
943,ENST00000373573,5,HDAC8
944,ENST00000373589,5,HDAC8
945,ENST00000373560,6,HDAC8
946,ENST00000373554,7,HDAC8
947,ENST00000439122,8,HDAC8
948,ENST00000373542,1,PHKA1
949,ENST00000373539,2,PHKA1
950,ENST00000339490,3,PHKA1
951,ENST00000541944,3,PHKA1
952,ENST00000373545,4,PHKA1
953,ENST00000373533,1,DMRTC1B
954,ENST00000373532,2,DMRTC1B
955,ENST00000334036,3,DMRTC1B
956,ENST00000596389,1,DMRTC1
957,ENST00000595412,2,DMRTC1
958,ENST00000416989,1,PABPC1L2B-AS1
959,ENST00000454388,2,PABPC1L2B-AS1
960,ENST00000438453,1,MAP2K4P1
961,ENST00000602584,2,MAP2K4P1
962,ENST00000373504,1,CHIC1
963,ENST00000373502,2,CHIC1
964,ENST00000602772,1,JPX
965,ENST00000414209,2,JPX
966,ENST00000429124,1,FTX
967,ENST00000602812,2,FTX
968,ENST00000602576,3,FTX
969,ENST00000603672,4,FTX
970,ENST00000616200,1,KIAA2022
971,ENST00000055682,2,KIAA2022
972,ENST00000373394,1,ABCB7
973,ENST00000253577,2,ABCB7
974,ENST00000620875,3,ABCB7
975,ENST00000339447,4,ABCB7
976,ENST00000373383,1,UPRT
977,ENST00000373379,2,UPRT
978,ENST00000530743,3,UPRT
979,ENST00000541184,1,ZDHHC15
980,ENST00000373367,2,ZDHHC15
981,ENST00000373358,1,PBDC1
982,ENST00000373357,2,PBDC1
983,ENST00000626832,1,MIR325HG
984,ENST00000630388,2,MIR325HG
985,ENST00000395603,1,ATRX
986,ENST00000373344,2,ATRX
987,ENST00000610432,1,MAGT1
988,ENST00000358075,2,MAGT1
989,ENST00000373336,3,MAGT1
990,ENST00000618282,4,MAGT1
991,ENST00000343533,1,ATP7A
992,ENST00000341514,2,ATP7A
993,ENST00000350425,3,ATP7A
994,ENST00000506043,1,RP5-1000K24.2
995,ENST00000602791,2,RP5-1000K24.2
996,ENST00000373304,1,CYSLTR1
997,ENST00000614798,2,CYSLTR1
998,ENST00000435339,1,LPAR4
999,ENST00000614823,2,LPAR4
1000,ENST00000544091,1,P2RY10
1001,ENST00000171757,2,P2RY10
1002,ENST00000434584,1,ITM2A
1003,ENST00000373298,2,ITM2A
1004,ENST00000373294,1,TBX22
1005,ENST00000373296,2,TBX22
1006,ENST00000538312,1,FAM46D
1007,ENST00000308293,2,FAM46D
1008,ENST00000516207,1,ACA64
1009,ENST00000459070,2,ACA64
1010,ENST00000329312,1,CYLC1
1011,ENST00000621735,2,CYLC1
1012,ENST00000262752,1,RPS6KA6
1013,ENST00000620340,2,RPS6KA6
1014,ENST00000297977,1,HDX
1015,ENST00000506585,1,HDX
1016,ENST00000373177,2,HDX
1017,ENST00000474922,1,UBE2DNL
1018,ENST00000602536,2,UBE2DNL
1019,ENST00000373173,1,APOOL
1020,ENST00000622540,2,APOOL
1021,ENST00000613473,3,APOOL
1022,ENST00000395409,1,SATL1
1023,ENST00000509231,2,SATL1
1024,ENST00000373165,1,ZNF711
1025,ENST00000276123,2,ZNF711
1026,ENST00000360700,3,ZNF711
1027,ENST00000373145,1,POF1B
1028,ENST00000262753,2,POF1B
1029,ENST00000357749,1,CHM
1030,ENST00000615443,2,CHM
1031,ENST00000508860,1,DACH2
1032,ENST00000510272,1,DACH2
1033,ENST00000373131,2,DACH2
1034,ENST00000613770,3,DACH2
1035,ENST00000373125,4,DACH2
1036,ENST00000373119,1,KLHL4
1037,ENST00000373114,2,KLHL4
1038,ENST00000276127,1,CPXCR1
1039,ENST00000373111,2,CPXCR1
1040,ENST00000614120,3,CPXCR1
1041,ENST00000283891,1,TGIF2LX
1042,ENST00000561129,2,TGIF2LX
1043,ENST00000622167,3,TGIF2LX
1044,ENST00000312600,1,PABPC5
1045,ENST00000373105,2,PABPC5
1046,ENST00000373088,1,PCDH11X
1047,ENST00000504220,1,PCDH11X
1048,ENST00000361655,1,PCDH11X
1049,ENST00000406881,1,PCDH11X
1050,ENST00000395337,2,PCDH11X
1051,ENST00000373097,3,PCDH11X
1052,ENST00000373094,3,PCDH11X
1053,ENST00000322139,1,FAM133A
1054,ENST00000332647,2,FAM133A
1055,ENST00000373049,1,DIAPH2
1056,ENST00000324765,1,DIAPH2
1057,ENST00000373054,2,DIAPH2
1058,ENST00000355827,3,DIAPH2
1059,ENST00000373061,3,DIAPH2
1060,ENST00000439759,1,DIAPH2-AS1
1061,ENST00000445414,2,DIAPH2-AS1
1062,ENST00000542084,3,DIAPH2-AS1
1063,ENST00000579945,4,DIAPH2-AS1
1064,ENST00000373034,1,PCDH19
1065,ENST00000420881,2,PCDH19
1066,ENST00000255531,2,PCDH19
1067,ENST00000612152,1,TSPAN6
1068,ENST00000614008,1,TSPAN6
1069,ENST00000373020,2,TSPAN6
1070,ENST00000372981,1,SYTL4
1071,ENST00000263033,2,SYTL4
1072,ENST00000276141,3,SYTL4
1073,ENST00000372989,4,SYTL4
1074,ENST00000372972,1,CSTF2
1075,ENST00000415585,2,CSTF2
1076,ENST00000372966,1,NOX1
1077,ENST00000372960,1,NOX1
1078,ENST00000372964,2,NOX1
1079,ENST00000217885,2,NOX1
1080,ENST00000468904,1,XKRX
1081,ENST00000372956,2,XKRX
1082,ENST00000372935,1,TRMT2B
1083,ENST00000372936,2,TRMT2B
1084,ENST00000545398,3,TRMT2B
1085,ENST00000372939,4,TRMT2B
1086,ENST00000423383,1,CENPI
1087,ENST00000372926,2,CENPI
1088,ENST00000372927,2,CENPI
1089,ENST00000541709,1,DRP2
1090,ENST00000402866,2,DRP2
1091,ENST00000395209,3,DRP2
1092,ENST00000538510,4,DRP2
1093,ENST00000356784,1,TAF7L
1094,ENST00000372907,2,TAF7L
1095,ENST00000324762,3,TAF7L
1096,ENST00000372880,1,BTK
1097,ENST00000621635,2,BTK
1098,ENST00000618050,3,BTK
1099,ENST00000308731,4,BTK
1100,ENST00000471855,1,RPL36A
1101,ENST00000553110,2,RPL36A
1102,ENST00000427805,3,RPL36A
1103,ENST00000614077,4,RPL36A
1104,ENST00000392994,5,RPL36A
1105,ENST00000409338,1,RPL36A-HNRNPH2
1106,ENST00000409170,2,RPL36A-HNRNPH2
1107,ENST00000616751,1,ARMCX1
1108,ENST00000372829,2,ARMCX1
1109,ENST00000602449,1,ARMCX7P
1110,ENST00000372828,2,ARMCX7P
1111,ENST00000537169,1,ARMCX3
1112,ENST00000471229,2,ARMCX3
1113,ENST00000341189,3,ARMCX3
1114,ENST00000330154,1,ARMCX2
1115,ENST00000356824,2,ARMCX2
1116,ENST00000328766,3,ARMCX2
1117,ENST00000537026,1,NXF5
1118,ENST00000473265,2,NXF5
1119,ENST00000540921,1,ZMAT1
1120,ENST00000372782,2,ZMAT1
1121,ENST00000372780,1,TCEAL2
1122,ENST00000329035,2,TCEAL2
1123,ENST00000372774,1,TCEAL6
1124,ENST00000372773,2,TCEAL6
1125,ENST00000622517,3,TCEAL6
1126,ENST00000333643,1,BEX5
1127,ENST00000543160,2,BEX5
1128,ENST00000622971,1,TCP11X1
1129,ENST00000623912,2,TCP11X1
1130,ENST00000597070,3,TCP11X1
1131,ENST00000625106,1,NXF2
1132,ENST00000604790,2,NXF2
1133,ENST00000618302,1,NXF2B
1134,ENST00000618881,2,NXF2B
1135,ENST00000602195,3,NXF2B
1136,ENST00000604395,4,NXF2B
1137,ENST00000360035,1,NXF4
1138,ENST00000416098,2,NXF4
1139,ENST00000246174,1,ARMCX5
1140,ENST00000372742,2,ARMCX5
1141,ENST00000604957,3,ARMCX5
1142,ENST00000537097,1,GPRASP1
1143,ENST00000444152,2,GPRASP1
1144,ENST00000415986,2,GPRASP1
1145,ENST00000361600,2,GPRASP1
1146,ENST00000372735,1,BHLHB9
1147,ENST00000457056,2,BHLHB9
1148,ENST00000447531,3,BHLHB9
1149,ENST00000448867,3,BHLHB9
1150,ENST00000361229,4,BHLHB9
1151,ENST00000440496,1,LINC00630
1152,ENST00000416381,2,LINC00630
1153,ENST00000420471,3,LINC00630
1154,ENST00000372695,1,BEX4
1155,ENST00000372691,2,BEX4
1156,ENST00000360000,1,TCEAL8
1157,ENST00000372685,2,TCEAL8
1158,ENST00000536889,1,BEX2
1159,ENST00000372677,2,BEX2
1160,ENST00000372674,3,BEX2
1161,ENST00000332431,1,TCEAL7
1162,ENST00000372666,2,TCEAL7
1163,ENST00000372656,1,WBP5
1164,ENST00000372661,2,WBP5
1165,ENST00000372645,1,NGFRAP1
1166,ENST00000361298,2,NGFRAP1
1167,ENST00000372634,3,NGFRAP1
1168,ENST00000372635,4,NGFRAP1
1169,ENST00000304236,1,RAB40A
1170,ENST00000372633,2,RAB40A
1171,ENST00000372629,1,TCEAL4
1172,ENST00000472484,2,TCEAL4
1173,ENST00000415568,3,TCEAL4
1174,ENST00000613326,4,TCEAL4
1175,ENST00000468024,5,TCEAL4
1176,ENST00000494801,6,TCEAL4
1177,ENST00000472745,7,TCEAL4
1178,ENST00000243286,1,TCEAL3
1179,ENST00000372627,1,TCEAL3
1180,ENST00000372628,2,TCEAL3
1181,ENST00000372626,1,TCEAL1
1182,ENST00000372625,2,TCEAL1
1183,ENST00000372624,3,TCEAL1
1184,ENST00000360458,1,MORF4L2
1185,ENST00000422154,2,MORF4L2
1186,ENST00000451301,2,MORF4L2
1187,ENST00000423833,3,MORF4L2
1188,ENST00000441076,4,MORF4L2
1189,ENST00000433176,5,MORF4L2
1190,ENST00000621218,1,PLP1
1191,ENST00000619236,1,PLP1
1192,ENST00000612423,2,PLP1
1193,ENST00000540220,1,TMSB15B
1194,ENST00000436583,2,TMSB15B
1195,ENST00000419165,3,TMSB15B
1196,ENST00000563257,4,TMSB15B
1197,ENST00000569577,5,TMSB15B
1198,ENST00000611083,1,H2BFWT
1199,ENST00000217926,2,H2BFWT
1200,ENST00000598335,1,H2BFM
1201,ENST00000355016,2,H2BFM
1202,ENST00000620307,1,RP11-722G7.1
1203,ENST00000598087,2,RP11-722G7.1
1204,ENST00000611638,1,ZCCHC18
1205,ENST00000537356,2,ZCCHC18
1206,ENST00000372582,1,IL1RAPL2
1207,ENST00000344799,2,IL1RAPL2
1208,ENST00000536164,1,NRK
1209,ENST00000540278,2,NRK
1210,ENST00000243300,3,NRK
1211,ENST00000372563,1,SERPINA7
1212,ENST00000327674,2,SERPINA7
1213,ENST00000372552,1,MUM1L1
1214,ENST00000619455,2,MUM1L1
1215,ENST00000337685,2,MUM1L1
1216,ENST00000357175,2,MUM1L1
1217,ENST00000372544,1,CXorf57
1218,ENST00000372548,2,CXorf57
1219,ENST00000255499,1,RNF128
1220,ENST00000324342,2,RNF128
1221,ENST00000357242,1,TBC1D8B
1222,ENST00000310452,2,TBC1D8B
1223,ENST00000276175,3,TBC1D8B
1224,ENST00000481617,4,TBC1D8B
1225,ENST00000355610,1,MORC4
1226,ENST00000255495,2,MORC4
1227,ENST00000276173,1,RIPPLY1
1228,ENST00000411805,2,RIPPLY1
1229,ENST00000540876,1,CLDN2
1230,ENST00000336803,2,CLDN2
1231,ENST00000541806,3,CLDN2
1232,ENST00000372487,1,RBM41
1233,ENST00000372479,2,RBM41
1234,ENST00000535523,1,PIH1D3
1235,ENST00000372453,1,PIH1D3
1236,ENST00000336387,2,PIH1D3
1237,ENST00000372428,1,PRPS1
1238,ENST00000372419,2,PRPS1
1239,ENST00000372435,3,PRPS1
1240,ENST00000372418,4,PRPS1
1241,ENST00000372382,1,TSC22D3
1242,ENST00000372390,2,TSC22D3
1243,ENST00000372383,3,TSC22D3
1244,ENST00000506081,4,TSC22D3
1245,ENST00000372397,5,TSC22D3
1246,ENST00000315660,6,TSC22D3
1247,ENST00000372384,7,TSC22D3
1248,ENST00000514426,8,TSC22D3
1249,ENST00000443968,1,MID2
1250,ENST00000262843,2,MID2
1251,ENST00000415430,1,VSIG1
1252,ENST00000217957,2,VSIG1
1253,ENST00000340200,1,PSMD10
1254,ENST00000217958,2,PSMD10
1255,ENST00000372296,3,PSMD10
1256,ENST00000372295,3,PSMD10
1257,ENST00000361815,3,PSMD10
1258,ENST00000372216,1,COL4A6
1259,ENST00000334504,2,COL4A6
1260,ENST00000621266,2,COL4A6
1261,ENST00000538570,2,COL4A6
1262,ENST00000394872,2,COL4A6
1263,ENST00000545689,2,COL4A6
1264,ENST00000608811,1,RP6-24A23.3
1265,ENST00000436013,2,RP6-24A23.3
1266,ENST00000372107,1,NXT2
1267,ENST00000372106,2,NXT2
1268,ENST00000218004,3,NXT2
1269,ENST00000372103,4,NXT2
1270,ENST00000340800,1,ACSL4
1271,ENST00000348502,2,ACSL4
1272,ENST00000469796,3,ACSL4
1273,ENST00000372068,1,TMEM164
1274,ENST00000372072,2,TMEM164
1275,ENST00000288381,3,TMEM164
1276,ENST00000372073,4,TMEM164
1277,ENST00000372057,1,AMMECR1
1278,ENST00000372059,2,AMMECR1
1279,ENST00000262844,3,AMMECR1
1280,ENST00000465301,1,RGAG1
1281,ENST00000540313,2,RGAG1
1282,ENST00000602699,1,TDGF1P3
1283,ENST00000493351,2,TDGF1P3
1284,ENST00000482160,1,CHRDL1
1285,ENST00000444321,1,CHRDL1
1286,ENST00000372042,2,CHRDL1
1287,ENST00000372045,3,CHRDL1
1288,ENST00000394797,3,CHRDL1
1289,ENST00000620137,1,PAK3
1290,ENST00000417227,2,PAK3
1291,ENST00000360648,2,PAK3
1292,ENST00000262836,2,PAK3
1293,ENST00000372010,3,PAK3
1294,ENST00000519681,3,PAK3
1295,ENST00000518291,4,PAK3
1296,ENST00000372007,5,PAK3
1297,ENST00000425146,6,PAK3
1298,ENST00000446737,6,PAK3
1299,ENST00000488120,1,DCX
1300,ENST00000338081,2,DCX
1301,ENST00000356220,3,DCX
1302,ENST00000371993,4,DCX
1303,ENST00000473389,1,ALG13
1304,ENST00000371979,2,ALG13
1305,ENST00000622986,3,ALG13
1306,ENST00000610588,4,ALG13
1307,ENST00000251943,4,ALG13
1308,ENST00000621367,4,ALG13
1309,ENST00000623189,5,ALG13
1310,ENST00000436609,6,ALG13
1311,ENST00000394780,7,ALG13
1312,ENST00000482742,8,ALG13
1313,ENST00000371962,1,AMOT
1314,ENST00000524145,2,AMOT
1315,ENST00000304758,3,AMOT
1316,ENST00000371959,4,AMOT
1317,ENST00000371958,5,AMOT
1318,ENST00000371950,1,HTR2C
1319,ENST00000371951,2,HTR2C
1320,ENST00000276198,2,HTR2C
1321,ENST00000607417,1,SNORA35
1322,ENST00000386104,2,SNORA35
1323,ENST00000458908,3,SNORA35
1324,ENST00000243213,1,IL13RA2
1325,ENST00000371936,2,IL13RA2
1326,ENST00000607680,1,PLS3-AS1
1327,ENST00000606397,2,PLS3-AS1
1328,ENST00000539310,1,PLS3
1329,ENST00000420625,2,PLS3
1330,ENST00000289290,3,PLS3
1331,ENST00000626746,4,PLS3
1332,ENST00000355899,4,PLS3
1333,ENST00000539496,1,KLHL13
1334,ENST00000545703,2,KLHL13
1335,ENST00000540167,2,KLHL13
1336,ENST00000371876,3,KLHL13
1337,ENST00000469946,4,KLHL13
1338,ENST00000262820,5,KLHL13
1339,ENST00000371878,6,KLHL13
1340,ENST00000541812,7,KLHL13
1341,ENST00000371882,8,KLHL13
1342,ENST00000371822,1,WDR44
1343,ENST00000254029,2,WDR44
1344,ENST00000371825,3,WDR44
1345,ENST00000276204,1,DOCK11
1346,ENST00000276202,2,DOCK11
1347,ENST00000371642,1,IL13RA1
1348,ENST00000371666,2,IL13RA1
1349,ENST00000412422,1,LINC01285
1350,ENST00000634601,2,LINC01285
1351,ENST00000422289,1,LONRF3
1352,ENST00000304778,2,LONRF3
1353,ENST00000371628,3,LONRF3
1354,ENST00000535419,1,PGRMC1
1355,ENST00000217971,2,PGRMC1
1356,ENST00000445759,1,SLC25A5-AS1
1357,ENST00000446986,2,SLC25A5-AS1
1358,ENST00000536133,1,CXorf56
1359,ENST00000320339,2,CXorf56
1360,ENST00000630695,1,UBE2A
1361,ENST00000631185,1,UBE2A
1362,ENST00000371558,2,UBE2A
1363,ENST00000346330,3,UBE2A
1364,ENST00000625938,4,UBE2A
1365,ENST00000628549,5,UBE2A
1366,ENST00000542113,1,NKRF
1367,ENST00000371527,2,NKRF
1368,ENST00000617452,2,NKRF
1369,ENST00000304449,3,NKRF
1370,ENST00000619445,1,UPF3B
1371,ENST00000276201,2,UPF3B
1372,ENST00000345865,2,UPF3B
1373,ENST00000371422,1,AKAP14
1374,ENST00000334356,1,AKAP14
1375,ENST00000371425,2,AKAP14
1376,ENST00000371431,2,AKAP14
1377,ENST00000454625,1,RHOXF1P1
1378,ENST00000635473,2,RHOXF1P1
1379,ENST00000555168,1,NKAPP1
1380,ENST00000554109,2,NKAPP1
1381,ENST00000585790,3,NKAPP1
1382,ENST00000326624,1,ZBTB33
1383,ENST00000557385,2,ZBTB33
1384,ENST00000371369,1,TMEM255A
1385,ENST00000440464,1,TMEM255A
1386,ENST00000309720,2,TMEM255A
1387,ENST00000371352,3,TMEM255A
1388,ENST00000218008,1,ATP1B4
1389,ENST00000361319,1,ATP1B4
1390,ENST00000539306,2,ATP1B4
1391,ENST00000200639,1,LAMP2
1392,ENST00000371335,1,LAMP2
1393,ENST00000434600,2,LAMP2
1394,ENST00000336592,1,CUL4B
1395,ENST00000404115,2,CUL4B
1396,ENST00000371322,3,CUL4B
1397,ENST00000371315,1,MCTS1
1398,ENST00000371317,2,MCTS1
1399,ENST00000371313,1,C1GALT1C1
1400,ENST00000304661,2,C1GALT1C1
1401,ENST00000457977,1,CT47A8
1402,ENST00000630126,2,CT47A8
1403,ENST00000618867,1,CT47A6
1404,ENST00000419194,2,CT47A6
1405,ENST00000416816,1,CT47A5
1406,ENST00000439466,2,CT47A5
1407,ENST00000541091,1,GRIA3
1408,ENST00000620443,1,GRIA3
1409,ENST00000611689,2,GRIA3
1410,ENST00000622768,3,GRIA3
1411,ENST00000620581,4,GRIA3
1412,ENST00000616590,5,GRIA3
1413,ENST00000618150,1,THOC2
1414,ENST00000355725,2,THOC2
1415,ENST00000245838,3,THOC2
1416,ENST00000491737,4,THOC2
1417,ENST00000355640,1,XIAP
1418,ENST00000371199,2,XIAP
1419,ENST00000434753,3,XIAP
1420,ENST00000371160,1,STAG2
1421,ENST00000218089,2,STAG2
1422,ENST00000371145,3,STAG2
1423,ENST00000371144,4,STAG2
1424,ENST00000371157,5,STAG2
1425,ENST00000371139,1,SH2D1A
1426,ENST00000477673,2,SH2D1A
1427,ENST00000360027,3,SH2D1A
1428,ENST00000371121,1,SMARCA1
1429,ENST00000371122,2,SMARCA1
1430,ENST00000371123,3,SMARCA1
1431,ENST00000371105,1,XPNPEP2
1432,ENST00000371106,2,XPNPEP2
1433,ENST00000357166,1,ZDHHC9
1434,ENST00000371064,2,ZDHHC9
1435,ENST00000425117,1,UTP14A
1436,ENST00000394422,2,UTP14A
1437,ENST00000218147,1,BCORL1
1438,ENST00000540052,2,BCORL1
1439,ENST00000615377,1,ELF4
1440,ENST00000335997,2,ELF4
1441,ENST00000308167,3,ELF4
1442,ENST00000416073,1,AIFM1
1443,ENST00000346424,2,AIFM1
1444,ENST00000319908,3,AIFM1
1445,ENST00000460436,4,AIFM1
1446,ENST00000535724,5,AIFM1
1447,ENST00000287295,5,AIFM1
1448,ENST00000612248,1,SLC25A14
1449,ENST00000543953,1,SLC25A14
1450,ENST00000545805,1,SLC25A14
1451,ENST00000218197,2,SLC25A14
1452,ENST00000361980,3,SLC25A14
1453,ENST00000339231,3,SLC25A14
1454,ENST00000619267,1,RBMX2
1455,ENST00000305536,1,RBMX2
1456,ENST00000370947,2,RBMX2
1457,ENST00000592932,1,FAM45B
1458,ENST00000408950,2,FAM45B
1459,ENST00000370927,1,ENOX2
1460,ENST00000370935,2,ENOX2
1461,ENST00000338144,3,ENOX2
1462,ENST00000394363,3,ENOX2
1463,ENST00000610637,4,ENOX2
1464,ENST00000412420,1,LINC01201
1465,ENST00000451431,2,LINC01201
1466,ENST00000276211,1,ARHGAP36
1467,ENST00000370922,2,ARHGAP36
1468,ENST00000370921,3,ARHGAP36
1469,ENST00000370900,1,IGSF1
1470,ENST00000370901,2,IGSF1
1471,ENST00000361420,3,IGSF1
1472,ENST00000370904,4,IGSF1
1473,ENST00000370903,5,IGSF1
1474,ENST00000370910,6,IGSF1
1475,ENST00000394335,1,STK26
1476,ENST00000394334,2,STK26
1477,ENST00000496850,3,STK26
1478,ENST00000481105,4,STK26
1479,ENST00000354719,4,STK26
1480,ENST00000464296,1,FRMD7
1481,ENST00000298542,2,FRMD7
1482,ENST00000370879,3,FRMD7
1483,ENST00000620646,1,RAP2C
1484,ENST00000370874,2,RAP2C
1485,ENST00000342983,3,RAP2C
1486,ENST00000538204,1,MBNL3
1487,ENST00000370849,1,MBNL3
1488,ENST00000394311,2,MBNL3
1489,ENST00000370853,3,MBNL3
1490,ENST00000370839,3,MBNL3
1491,ENST00000370844,4,MBNL3
1492,ENST00000370857,5,MBNL3
1493,ENST00000370833,1,HS6ST2
1494,ENST00000406696,1,HS6ST2
1495,ENST00000370836,2,HS6ST2
1496,ENST00000521489,2,HS6ST2
1497,ENST00000370832,1,USP26
1498,ENST00000511190,2,USP26
1499,ENST00000631057,1,GPC3
1500,ENST00000394299,2,GPC3
1501,ENST00000370818,3,GPC3
1502,ENST00000332070,1,PHF6
1503,ENST00000625464,1,PHF6
1504,ENST00000370800,2,PHF6
1505,ENST00000370803,3,PHF6
1506,ENST00000370799,4,PHF6
1507,ENST00000440570,1,MIR503HG
1508,ENST00000441492,2,MIR503HG
1509,ENST00000343004,1,FAM122B
1510,ENST00000493333,2,FAM122B
1511,ENST00000611027,2,FAM122B
1512,ENST00000370790,3,FAM122B
1513,ENST00000298090,4,FAM122B
1514,ENST00000486347,5,FAM122B
1515,ENST00000370784,1,FAM122C
1516,ENST00000370785,2,FAM122C
1517,ENST00000414371,3,FAM122C
1518,ENST00000623326,4,FAM122C
1519,ENST00000370783,1,MOSPD1
1520,ENST00000370779,2,MOSPD1
1521,ENST00000370777,3,MOSPD1
1522,ENST00000370764,1,ZNF75D
1523,ENST00000370766,2,ZNF75D
1524,ENST00000594117,1,CT45A1
1525,ENST00000594565,2,CT45A1
1526,ENST00000597510,1,CT45A3
1527,ENST00000598716,2,CT45A3
1528,ENST00000617203,1,CT45A5
1529,ENST00000487941,2,CT45A5
1530,ENST00000620654,1,CT45A6
1531,ENST00000612878,2,CT45A6
1532,ENST00000605791,1,CT45A2
1533,ENST00000612907,2,CT45A2
1534,ENST00000610598,1,CT45A7
1535,ENST00000620885,2,CT45A7
1536,ENST00000611660,1,CT45A8
1537,ENST00000611438,2,CT45A8
1538,ENST00000620704,1,CT45A9
1539,ENST00000604569,2,CT45A9
1540,ENST00000617981,1,CT45A10
1541,ENST00000611668,2,CT45A10
1542,ENST00000370709,1,SAGE1
1543,ENST00000324447,2,SAGE1
1544,ENST00000537770,2,SAGE1
1545,ENST00000370701,1,SLC9A6
1546,ENST00000370698,2,SLC9A6
1547,ENST00000370695,3,SLC9A6
1548,ENST00000630084,1,FHL1
1549,ENST00000370676,2,FHL1
1550,ENST00000394153,3,FHL1
1551,ENST00000345434,4,FHL1
1552,ENST00000535737,5,FHL1
1553,ENST00000394155,6,FHL1
1554,ENST00000370690,7,FHL1
1555,ENST00000370683,8,FHL1
1556,ENST00000629039,9,FHL1
1557,ENST00000618438,10,FHL1
1558,ENST00000543669,11,FHL1
1559,ENST00000539015,12,FHL1
1560,ENST00000628568,13,FHL1
1561,ENST00000370663,1,MAP7D3
1562,ENST00000370661,2,MAP7D3
1563,ENST00000316077,3,MAP7D3
1564,ENST00000394141,1,ADGRG4
1565,ENST00000394143,2,ADGRG4
1566,ENST00000370652,3,ADGRG4
1567,ENST00000218364,1,HTATSF1
1568,ENST00000535601,2,HTATSF1
1569,ENST00000429841,1,LINC00892
1570,ENST00000454385,2,LINC00892
1571,ENST00000370629,1,CD40LG
1572,ENST00000370628,2,CD40LG
1573,ENST00000250617,1,ARHGEF6
1574,ENST00000370622,2,ARHGEF6
1575,ENST00000370620,3,ARHGEF6
1576,ENST00000565438,1,RBMX
1577,ENST00000431446,2,RBMX
1578,ENST00000320676,2,RBMX
1579,ENST00000562646,2,RBMX
1580,ENST00000424306,1,RP11-308D16.2
1581,ENST00000426943,2,RP11-308D16.2
1582,ENST00000438602,3,RP11-308D16.2
1583,ENST00000442841,1,RP1-137H15.2
1584,ENST00000456631,2,RP1-137H15.2
1585,ENST00000370606,1,ZIC3
1586,ENST00000287538,2,ZIC3
1587,ENST00000436198,1,FGF13
1588,ENST00000441825,2,FGF13
1589,ENST00000315930,3,FGF13
1590,ENST00000305414,4,FGF13
1591,ENST00000626909,5,FGF13
1592,ENST00000438238,1,FGF13-AS1
1593,ENST00000446383,2,FGF13-AS1
1594,ENST00000394090,1,F9
1595,ENST00000218099,2,F9
1596,ENST00000519895,1,MCF2
1597,ENST00000370576,2,MCF2
1598,ENST00000370573,3,MCF2
1599,ENST00000338585,3,MCF2
1600,ENST00000414978,4,MCF2
1601,ENST00000536274,5,MCF2
1602,ENST00000520602,6,MCF2
1603,ENST00000327569,1,ATP11C
1604,ENST00000361648,1,ATP11C
1605,ENST00000370557,2,ATP11C
1606,ENST00000602535,1,LINC00632
1607,ENST00000498732,2,LINC00632
1608,ENST00000602830,3,LINC00632
1609,ENST00000370535,4,LINC00632
1610,ENST00000370519,1,SPANXA1
1611,ENST00000615379,2,SPANXA1
1612,ENST00000409007,1,MAGEC3
1613,ENST00000443323,2,MAGEC3
1614,ENST00000544766,3,MAGEC3
1615,ENST00000298296,4,MAGEC3
1616,ENST00000406005,1,MAGEC1
1617,ENST00000285879,2,MAGEC1
1618,ENST00000370504,1,SPANXN4
1619,ENST00000446864,2,SPANXN4
1620,ENST00000356928,1,SLITRK4
1621,ENST00000338017,2,SLITRK4
1622,ENST00000596188,3,SLITRK4
1623,ENST00000621453,1,FMR1
1624,ENST00000218200,1,FMR1
1625,ENST00000370471,1,FMR1
1626,ENST00000440235,1,FMR1
1627,ENST00000334557,2,FMR1
1628,ENST00000439526,2,FMR1
1629,ENST00000370475,2,FMR1
1630,ENST00000621447,3,FMR1
1631,ENST00000616382,4,FMR1
1632,ENST00000370470,5,FMR1
1633,ENST00000370477,6,FMR1
1634,ENST00000621987,7,FMR1
1635,ENST00000391293,1,5S_rRNA
1636,ENST00000364415,2,5S_rRNA
1637,ENST00000342251,1,AFF2
1638,ENST00000370460,2,AFF2
1639,ENST00000370458,3,AFF2
1640,ENST00000286437,4,AFF2
1641,ENST00000370457,5,AFF2
1642,ENST00000428056,1,IDS
1643,ENST00000340855,2,IDS
1644,ENST00000370441,2,IDS
1645,ENST00000618757,1,LINC00893
1646,ENST00000609161,2,LINC00893
1647,ENST00000514208,1,CXorf40A
1648,ENST00000441248,2,CXorf40A
1649,ENST00000428236,3,CXorf40A
1650,ENST00000359293,4,CXorf40A
1651,ENST00000422892,5,CXorf40A
1652,ENST00000393985,6,CXorf40A
1653,ENST00000423421,7,CXorf40A
1654,ENST00000450602,8,CXorf40A
1655,ENST00000423540,9,CXorf40A
1656,ENST00000434353,10,CXorf40A
1657,ENST00000600449,1,TMEM185A
1658,ENST00000611119,1,TMEM185A
1659,ENST00000507237,2,TMEM185A
1660,ENST00000613273,3,TMEM185A
1661,ENST00000333104,1,MAGEA11
1662,ENST00000355220,2,MAGEA11
1663,ENST00000286482,1,MAGEA8
1664,ENST00000535454,2,MAGEA8
1665,ENST00000542674,2,MAGEA8
1666,ENST00000370406,1,CXorf40B
1667,ENST00000370404,2,CXorf40B
1668,ENST00000355203,3,CXorf40B
1669,ENST00000462691,4,CXorf40B
1670,ENST00000450989,1,LINC00894
1671,ENST00000432696,2,LINC00894
1672,ENST00000425602,3,LINC00894
1673,ENST00000455777,4,LINC00894
1674,ENST00000413076,5,LINC00894
1675,ENST00000452864,6,LINC00894
1676,ENST00000458274,7,LINC00894
1677,ENST00000432680,1,MAMLD1
1678,ENST00000370401,2,MAMLD1
1679,ENST00000426613,3,MAMLD1
1680,ENST00000262858,3,MAMLD1
1681,ENST00000445323,1,MTMR1
1682,ENST00000542156,2,MTMR1
1683,ENST00000370390,3,MTMR1
1684,ENST00000613030,1,CD99L2
1685,ENST00000437787,1,CD99L2
1686,ENST00000355149,2,CD99L2
1687,ENST00000370377,3,CD99L2
1688,ENST00000466436,4,CD99L2
1689,ENST00000448905,1,HMGB3
1690,ENST00000325307,2,HMGB3
1691,ENST00000617907,1,GPR50
1692,ENST00000218316,2,GPR50
1693,ENST00000330374,1,VMA21
1694,ENST00000370361,2,VMA21
1695,ENST00000538575,1,PRRG3
1696,ENST00000370353,2,PRRG3
1697,ENST00000370354,3,PRRG3
1698,ENST00000424126,1,RP11-366F6.2
1699,ENST00000411474,2,RP11-366F6.2
1700,ENST00000393921,1,MAGEA4
1701,ENST00000370335,2,MAGEA4
1702,ENST00000360243,3,MAGEA4
1703,ENST00000370340,4,MAGEA4
1704,ENST00000276344,5,MAGEA4
1705,ENST00000393920,6,MAGEA4
1706,ENST00000370323,1,MAGEA10
1707,ENST00000244096,2,MAGEA10
1708,ENST00000535043,1,GABRA3
1709,ENST00000370314,2,GABRA3
1710,ENST00000370278,1,MAGEA3
1711,ENST00000598245,2,MAGEA3
1712,ENST00000598036,1,CSAG2
1713,ENST00000535353,2,CSAG2
1714,ENST00000370293,1,MAGEA2B
1715,ENST00000331220,2,MAGEA2B
1716,ENST00000452779,1,CSAG1
1717,ENST00000370291,2,CSAG1
1718,ENST00000370287,3,CSAG1
1719,ENST00000393869,1,MAGEA12
1720,ENST00000357916,1,MAGEA12
1721,ENST00000393900,2,MAGEA12
1722,ENST00000583763,1,CSAG4
1723,ENST00000361201,2,CSAG4
1724,ENST00000620710,1,MAGEA2
1725,ENST00000611557,1,MAGEA2
1726,ENST00000623806,1,MAGEA2
1727,ENST00000623438,1,MAGEA2
1728,ENST00000598543,1,MAGEA2
1729,ENST00000611674,1,MAGEA2
1730,ENST00000595583,2,MAGEA2
1731,ENST00000617158,1,CSAG3
1732,ENST00000599845,2,CSAG3
1733,ENST00000329342,1,MAGEA6
1734,ENST00000616035,2,MAGEA6
1735,ENST00000454925,1,ZNF185
1736,ENST00000318529,2,ZNF185
1737,ENST00000318504,3,ZNF185
1738,ENST00000449285,3,ZNF185
1739,ENST00000539731,3,ZNF185
1740,ENST00000535861,3,ZNF185
1741,ENST00000324823,4,ZNF185
1742,ENST00000370268,5,ZNF185
1743,ENST00000370270,6,ZNF185
1744,ENST00000452693,1,PNMA5
1745,ENST00000439251,1,PNMA5
1746,ENST00000361887,2,PNMA5
1747,ENST00000535214,3,PNMA5
1748,ENST00000619635,1,PNMA3
1749,ENST00000424805,2,PNMA3
1750,ENST00000593810,3,PNMA3
1751,ENST00000370251,1,ZNF275
1752,ENST00000370249,2,ZNF275
1753,ENST00000633844,1,U82695.5
1754,ENST00000445091,2,U82695.5
1755,ENST00000393862,1,TREX2
1756,ENST00000370212,1,TREX2
1757,ENST00000330912,2,TREX2
1758,ENST00000338525,2,TREX2
1759,ENST00000334497,2,TREX2
1760,ENST00000370232,2,TREX2
1761,ENST00000370231,3,TREX2
1762,ENST00000626181,1,HAUS7
1763,ENST00000370210,2,HAUS7
1764,ENST00000370211,3,HAUS7
1765,ENST00000359149,1,ATP2B3
1766,ENST00000263519,1,ATP2B3
1767,ENST00000349466,2,ATP2B3
1768,ENST00000370186,2,ATP2B3
1769,ENST00000393842,3,ATP2B3
1770,ENST00000576892,1,FAM58A
1771,ENST00000440428,2,FAM58A
1772,ENST00000342782,1,DUSP9
1773,ENST00000370167,2,DUSP9
1774,ENST00000370145,1,PNCK
1775,ENST00000370142,2,PNCK
1776,ENST00000340888,3,PNCK
1777,ENST00000447676,4,PNCK
1778,ENST00000370150,5,PNCK
1779,ENST00000253122,1,SLC6A8
1780,ENST00000430077,2,SLC6A8
1781,ENST00000345046,1,BCAP31
1782,ENST00000458587,2,BCAP31
1783,ENST00000370129,1,ABCD1
1784,ENST00000218104,2,ABCD1
1785,ENST00000361971,1,PLXNB3
1786,ENST00000538966,2,PLXNB3
1787,ENST00000393786,1,SRPK3
1788,ENST00000370104,2,SRPK3
1789,ENST00000370108,2,SRPK3
1790,ENST00000370101,3,SRPK3
1791,ENST00000489426,4,SRPK3
1792,ENST00000370100,5,SRPK3
1793,ENST00000370092,1,IDH3G
1794,ENST00000217901,2,IDH3G
1795,ENST00000619865,2,IDH3G
1796,ENST00000427365,3,IDH3G
1797,ENST00000370093,4,IDH3G
1798,ENST00000370085,1,SSR4
1799,ENST00000320857,2,SSR4
1800,ENST00000370086,3,SSR4
1801,ENST00000370087,4,SSR4
1802,ENST00000164640,1,PDZD4
1803,ENST00000544474,2,PDZD4
1804,ENST00000393758,2,PDZD4
1805,ENST00000361981,1,L1CAM
1806,ENST00000370055,2,L1CAM
1807,ENST00000370060,3,L1CAM
1808,ENST00000361699,4,L1CAM
1809,ENST00000370049,1,AVPR2
1810,ENST00000337474,2,AVPR2
1811,ENST00000358927,3,AVPR2
1812,ENST00000350060,1,ARHGAP4
1813,ENST00000370016,1,ARHGAP4
1814,ENST00000370028,2,ARHGAP4
1815,ENST00000393721,3,ARHGAP4
1816,ENST00000370015,1,NAA10
1817,ENST00000370009,2,NAA10
1818,ENST00000393712,3,NAA10
1819,ENST00000464845,4,NAA10
1820,ENST00000393700,1,RENBP
1821,ENST00000369997,2,RENBP
1822,ENST00000369984,1,HCFC1
1823,ENST00000310441,2,HCFC1
1824,ENST00000393687,1,IRAK1
1825,ENST00000429936,1,IRAK1
1826,ENST00000369980,2,IRAK1
1827,ENST00000369974,3,IRAK1
1828,ENST00000619732,1,MECP2
1829,ENST00000453960,2,MECP2
1830,ENST00000622433,3,MECP2
1831,ENST00000611468,3,MECP2
1832,ENST00000628176,4,MECP2
1833,ENST00000407218,5,MECP2
1834,ENST00000303391,6,MECP2
1835,ENST00000619903,1,TEX28
1836,ENST00000617225,2,TEX28
1837,ENST00000610938,3,TEX28
1838,ENST00000369912,1,TKTL1
1839,ENST00000369915,2,TKTL1
1840,ENST00000369850,1,FLNA
1841,ENST00000422373,2,FLNA
1842,ENST00000610817,2,FLNA
1843,ENST00000360319,3,FLNA
1844,ENST00000369856,4,FLNA
1845,ENST00000344736,5,FLNA
1846,ENST00000369835,1,EMD
1847,ENST00000369842,2,EMD
1848,ENST00000406022,1,RPL10
1849,ENST00000369817,2,RPL10
1850,ENST00000344746,3,RPL10
1851,ENST00000424325,4,RPL10
1852,ENST00000618723,4,RPL10
1853,ENST00000309585,1,DNASE1L1
1854,ENST00000014935,2,DNASE1L1
1855,ENST00000369809,3,DNASE1L1
1856,ENST00000393638,3,DNASE1L1
1857,ENST00000369807,4,DNASE1L1
1858,ENST00000369808,5,DNASE1L1
1859,ENST00000612460,1,TAZ
1860,ENST00000601016,1,TAZ
1861,ENST00000613002,2,TAZ
1862,ENST00000475699,2,TAZ
1863,ENST00000369776,3,TAZ
1864,ENST00000369762,1,ATP6AP1
1865,ENST00000619046,2,ATP6AP1
1866,ENST00000447750,1,GDI1
1867,ENST00000630693,2,GDI1
1868,ENST00000621786,1,LAGE3
1869,ENST00000357360,2,LAGE3
1870,ENST00000630530,1,UBL4A
1871,ENST00000369660,2,UBL4A
1872,ENST00000369653,3,UBL4A
1873,ENST00000263512,1,SLC10A3
1874,ENST00000393586,2,SLC10A3
1875,ENST00000369649,3,SLC10A3
1876,ENST00000393587,4,SLC10A3
1877,ENST00000393572,1,FAM3A
1878,ENST00000359889,2,FAM3A
1879,ENST00000369641,3,FAM3A
1880,ENST00000447601,4,FAM3A
1881,ENST00000419205,5,FAM3A
1882,ENST00000322269,5,FAM3A
1883,ENST00000369643,6,FAM3A
1884,ENST00000393564,1,G6PD
1885,ENST00000369620,1,G6PD
1886,ENST00000393562,2,G6PD
1887,ENST00000621232,2,G6PD
1888,ENST00000618670,1,IKBKG
1889,ENST00000611071,2,IKBKG
1890,ENST00000594239,3,IKBKG
1891,ENST00000619941,4,IKBKG
1892,ENST00000615874,4,IKBKG
1893,ENST00000617207,5,IKBKG
1894,ENST00000611176,6,IKBKG
1895,ENST00000599837,1,CTAG1A
1896,ENST00000593606,2,CTAG1A
1897,ENST00000595485,1,CTAG1B
1898,ENST00000359887,1,CTAG1B
1899,ENST00000328435,2,CTAG1B
1900,ENST00000369585,1,CTAG2
1901,ENST00000247306,2,CTAG2
1902,ENST00000369575,1,GAB3
1903,ENST00000369568,2,GAB3
1904,ENST00000424127,3,GAB3
1905,ENST00000369550,1,DKC1
1906,ENST00000620277,2,DKC1
1907,ENST00000369534,1,MPP1
1908,ENST00000393531,2,MPP1
1909,ENST00000413259,3,MPP1
1910,ENST00000360256,1,F8
1911,ENST00000330287,2,F8
1912,ENST00000369479,1,CMC4
1913,ENST00000369484,2,CMC4
1914,ENST00000369476,1,MTCP1
1915,ENST00000362018,2,MTCP1
1916,ENST00000330045,1,BRCC3
1917,ENST00000399042,2,BRCC3
1918,ENST00000620502,2,BRCC3
1919,ENST00000630295,2,BRCC3
1920,ENST00000369459,3,BRCC3
1921,ENST00000369462,4,BRCC3
1922,ENST00000340647,5,BRCC3
1923,ENST00000625964,1,VBP1
1924,ENST00000286428,2,VBP1
1925,ENST00000535916,3,VBP1
1926,ENST00000412436,1,RP13-228J13.1
1927,ENST00000444722,2,RP13-228J13.1
1928,ENST00000508429,1,RP13-228J13.5
1929,ENST00000453508,2,RP13-228J13.5
1930,ENST00000334398,1,TMLHE
1931,ENST00000369439,2,TMLHE
1932,ENST00000460621,1,VAMP7
1933,ENST00000286448,2,VAMP7
1934,ENST00000262640,3,VAMP7
1935,ENST00000369423,1,IL9R
1936,ENST00000244174,2,IL9R
1937,ENST00000460206,1,WASH6P
1938,ENST00000359512,2,WASH6P
1939,ENST00000476066,3,WASH6P
